<eml:eml xmlns:eml="https://eml.ecoinformatics.org/eml-2.2.0"
         xmlns:dc="http://purl.org/dc/terms/"
         xmlns:xsi="http://www.w3.org/2001/XMLSchema-instance"
         xsi:schemaLocation="https://eml.ecoinformatics.org/eml-2.2.0 https://rs.gbif.org/schema/eml-gbif-profile/1.3/eml.xsd"
         packageId="https://ipt-training-test.gbif.fr/resource?id=margaux_plantae/v1.0" system="http://gbif.org" scope="system"
         xml:lang="eng">
    <dataset>
        <alternateIdentifier>https://ipt-training-test.gbif.fr/resource?r=margaux_plantae</alternateIdentifier>
        <shortName>Exp_MR</shortName>
        <title xml:lang="eng">Experiment_MR</title>
        <creator>
            <individualName>
                <givenName>Margaux</givenName>
                <surName>blibli</surName>
            </individualName>
            <organizationName>Blibli</organizationName>
        </creator>
        <metadataProvider>
            <individualName>
                <givenName>Margaux</givenName>
                <surName>blibli</surName>
            </individualName>
            <organizationName>blibli</organizationName>
        </metadataProvider>
        <associatedParty>
            <individualName>
                <givenName>Oihana</givenName>
                <surName>Olhasque</surName>
            </individualName>
            <role>user</role>
        </associatedParty>
        <pubDate>
            2025-11-07
        </pubDate>
        <language>eng</language>
        <abstract>
            This dataset is about Plantae experiment
        </abstract>
        <keywordSet>
            <keyword>Occurrence</keyword>
            <keywordThesaurus>GBIF Dataset Type Vocabulary: http://rs.gbif.org/vocabulary/gbif/dataset_type_2015-07-10.xml</keywordThesaurus>
        </keywordSet>
        <keywordSet>
            <keyword>Specimen</keyword>
            <keywordThesaurus>GBIF Dataset Subtype Vocabulary: http://rs.gbif.org/vocabulary/gbif/dataset_subtype.xml</keywordThesaurus>
        </keywordSet>
        <intellectualRights>
            <para>This work is licensed under a <ulink url="http://creativecommons.org/licenses/by/4.0/legalcode"><citetitle>Creative Commons Attribution (CC-BY 4.0) License</citetitle></ulink>.</para>
        </intellectualRights>
        <licensed>
            <licenseName>Creative Commons Attribution 4.0 International</licenseName>
            <url>https://spdx.org/licenses/CC-BY-4.0.html</url>
            <identifier>CC-BY-4.0</identifier>
        </licensed>
        <acknowledgements>Merci à moi même de ma résilience</acknowledgements>
        <maintenance>
            <description>
                <para>No clue</para>
            </description>
            <maintenanceUpdateFrequency>unknown</maintenanceUpdateFrequency>
        </maintenance>
        <contact>
            <individualName>
                <givenName>Margaux</givenName>
                <surName>Rojat</surName>
            </individualName>
            <organizationName>Bliblibli</organizationName>
            <address>
                <country>FR</country>
            </address>
        </contact>
    </dataset>
    <additionalMetadata>
        <metadata>
            <gbif>
                <dateStamp>2025-11-07T10:47:02.691+00:00</dateStamp>
                <hierarchyLevel>dataset</hierarchyLevel>
            </gbif>
        </metadata>
    </additionalMetadata>
</eml:eml>
